id,condition,score
1,none,60
1,footnote,50
1,sidenote,90
2,none,70
2,footnote,72
2,sidenote,91
3,none,51
3,footnote,64
3,sidenote,80
4,none,66
4,footnote,68
4,sidenote,69
5,none,64
5,footnote,55
5,sidenote,65
6,none,62
6,footnote,67
6,sidenote,87
7,none,53
7,footnote,79
7,sidenote,79
8,none,55
8,footnote,82
8,sidenote,77
9,none,59
9,footnote,61
9,sidenote,92
10,none,88
10,footnote,79
10,sidenote,76
11,none,72
11,footnote,69
11,sidenote,62
12,none,54
12,footnote,98
12,sidenote,93
13,none,66
13,footnote,65
13,sidenote,98
14,none,68
14,footnote,84
14,sidenote,97
15,none,76
15,footnote,80
15,sidenote,70
16,none,54
16,footnote,79
16,sidenote,62
17,none,66
17,footnote,53
17,sidenote,67
18,none,67
18,footnote,56
18,sidenote,51
19,none,72
19,footnote,73
19,sidenote,52
20,none,70
20,footnote,67
20,sidenote,71
21,none,68
21,footnote,88
21,sidenote,70
22,none,75
22,footnote,53
22,sidenote,77
23,none,68
23,footnote,57
23,sidenote,80
24,none,64
24,footnote,84
24,sidenote,85
25,none,68
25,footnote,90
25,sidenote,85
26,none,73
26,footnote,52
26,sidenote,95
27,none,57
27,footnote,83
27,sidenote,56
28,none,67
28,footnote,63
28,sidenote,71
29,none,78
29,footnote,87
29,sidenote,62
30,none,67
30,footnote,88
30,sidenote,93
31,none,66
31,footnote,85
31,sidenote,55
32,none,79
32,footnote,81
32,sidenote,76
33,none,80
33,footnote,80
33,sidenote,50
34,none,59
34,footnote,92
34,sidenote,79
35,none,56
35,footnote,86
35,sidenote,80
36,none,78
36,footnote,59
36,sidenote,62
37,none,66
37,footnote,87
37,sidenote,64
38,none,76
38,footnote,96
38,sidenote,82
39,none,72
39,footnote,89
39,sidenote,90
40,none,61
40,footnote,97
40,sidenote,97
41,none,77
41,footnote,88
41,sidenote,73
42,none,75
42,footnote,66
42,sidenote,62
43,none,54
43,footnote,68
43,sidenote,72
44,none,79
44,footnote,62
44,sidenote,94
45,none,86
45,footnote,85
45,sidenote,90
46,none,80
46,footnote,93
46,sidenote,92
47,none,78
47,footnote,100
47,sidenote,67
48,none,81
48,footnote,66
48,sidenote,99
49,none,66
49,footnote,83
49,sidenote,66
50,none,51
50,footnote,61
50,sidenote,96
